{"cameraMode":{"drawMode":0,"name":"Shaded","section":"Shading Mode"},"sceneLighting":false,"audioPlay":false,"sceneViewState":{"m_AlwaysRefresh":false,"showFog":true,"showSkybox":false,"showFlares":true,"showImageEffects":true,"showParticleSystems":true,"showVisualEffectGraphs":true,"m_FxEnabled":true},"in2DMode":false,"pivot":{"x":-8.864339828491211,"y":3.1393814086914064,"z":194.59860229492188},"rotation":{"x":-0.17536993324756623,"y":-0.39027363061904909,"z":0.07599218934774399,"w":-0.9006434679031372},"size":26.868410110473634,"orthographic":false}