{"cameraMode":{"drawMode":0,"name":"Shaded","section":"Shading Mode"},"sceneLighting":true,"audioPlay":false,"sceneViewState":{"m_AlwaysRefresh":false,"showFog":true,"showSkybox":true,"showFlares":true,"showImageEffects":true,"showParticleSystems":true,"showVisualEffectGraphs":true,"m_FxEnabled":true},"in2DMode":false,"pivot":{"x":2.5794334411621095,"y":12.254415512084961,"z":171.43959045410157},"rotation":{"x":-0.04792778193950653,"y":0.6053619384765625,"z":-0.036549847573041919,"w":-0.7936785221099854},"size":18.109106063842775,"orthographic":false}